{"files":{"index.html":{"frameworks":["Maiz-y-agave-3.0","Maiz y Agave -Cocina","pg.insight.events","pg.svg.lib","pg.asset.manager","pg.project.items","pg.code-validator","pg.css.grid","pg.image.overlay","pg.html","pg.components"]},"index-02.html":{"frameworks":["Maiz-y-agave-3.0","pg.insight.events","pg.svg.lib","pg.css.grid","pg.image.overlay","pg.code-validator","pg.project.items","pg.asset.manager","pg.html","pg.components"]},"Contactform.html":{"frameworks":["Maiz-y-agave-3.0","pg.insight.events","pg.svg.lib","pg.css.grid","pg.image.overlay","pg.code-validator","pg.project.items","pg.asset.manager","pg.html","pg.components"]},"esp.html":{"frameworks":["Maiz-y-agave-3.0","pg.insight.events","pg.asset.manager","pg.svg.lib","pg.project.items","pg.css.grid","pg.code-validator","pg.image.overlay","pg.html","pg.components"]},"fundación.html":{"frameworks":["Maiz-y-agave-3.0","pg.insight.events","pg.asset.manager","pg.svg.lib","pg.project.items","pg.code-validator","pg.css.grid","pg.image.overlay","pg.html","pg.components"]},"fundacion.html":{"frameworks":["Maiz-y-agave-3.0","pg.insight.events","pg.asset.manager","pg.svg.lib","pg.project.items","pg.code-validator","pg.image.overlay","pg.css.grid","pg.html","pg.components"]},"fundation.html":{"frameworks":["Maiz-y-agave-3.0","pg.insight.events","pg.asset.manager","pg.svg.lib","pg.project.items","pg.code-validator","pg.image.overlay","pg.css.grid","pg.html","pg.components"]}},"open-pages":["esp.html","index.html","fundation.html","fundacion.html"],"urls":{"index-01.html":{"open-with-wrapper":false,"open-page-views":[{"w":1223,"h":1080},{"w":412,"h":847}]},"index.html":{"open-with-wrapper":false,"open-page-views":[{"w":1920,"h":1080},{"w":1280,"h":800},{"w":320,"h":568},{"w":414,"h":736},{"w":768,"h":1024},{"w":1024,"h":1366}]},"file:///C:/Users/oea1_/OneDrive/Escritorio/index.html":{"open-with-wrapper":false},"index-02.html":{"open-with-wrapper":false,"open-page-views":[{"w":1024,"h":0}]},"Contactform.html":{"open-with-wrapper":false},"esp.html":{"open-with-wrapper":false,"open-page-views":[{"w":1024,"h":0}]},"file:///Users/oscar.espinosa/Downloads/public_html/index.html":{"open-with-wrapper":false},"fundaci%C3%B3n.html":{"open-with-wrapper":false,"open-page-views":[{"w":1024,"h":0}]},"fundacion.html":{"open-with-wrapper":false,"open-page-views":[{"w":1024,"h":0}]},"fundation.html":{"open-with-wrapper":false,"open-page-views":[{"w":1024,"h":0}]},"index%20(4).html":{"open-with-wrapper":false}},"cs-for-overrides":"css/style.css","breakpoints":["300px","480px","640px","768px","800px","880px","900px","992px","995px","1024px","1200px","1920px"],"frameworks":["Maiz-y-agave-3.0","Maiz y Agave -Cocina","pg.insight.events","pg.svg.lib","pg.asset.manager","pg.project.items","pg.code-validator","pg.css.grid","pg.image.overlay","pg.html","pg.components"],"active-design-provider":"plainhtml"}